{
  "suite": "arcsight-installer",
  "display_name": "",
  "org_name": "hpeswitom",
  "version": "2.0.0.22",
  "images": [
    {
      "image": "itom-autopass-lms:10.8.0-2018102720"
    },
    {
      "image": "atlas_zookeeper:3.0.0.11"
    },
    {
      "image": "itom-arcsight-installer-config:2.0.0.22"
    },
    {
      "image": "itom-logrotate:3.14.0-0095"
    },
    {
      "image": "atlas_schema-registry:3.0.0.11"
    },
    {
      "image": "itom-fluentd:1.2.2-00181"
    },
    {
      "image": "itom-cdf-image-utils:1.0.0-0094"
    },
    {
      "image": "atlas_connector:3.0.0.11"
    },
    {
      "image": "itom-postgresql-pool:3.7.5-0075"
    },
    {
      "image": "itom-idm:1.24.2"
    },
    {
      "image": "atlas_kafka-manager:3.0.0.11"
    },
    {
      "image": "itom-nginx-ingress:0.12.0-0095"
    },
    {
      "image": "atlas_kafka:3.0.0.11"
    },
    {
      "image": "itom-pg-backup:1.1.20"
    },
    {
      "image": "itom-k8s-dashboard:1.10.0-0076"
    },
    {
      "image": "nginx-ingress:0.12.0"
    },
    {
      "image": "itom-postgresql:10.6-007"
    },
    {
      "image": "atlas_sp:3.0.0.11"
    },
    {
      "image": "heapster:v1.5.2"
    },
    {
      "image": "atlas_web-service:3.0.0.11"
    },
    {
      "image": "itom-cdf-controller:0.1.0-0051"
    },
    {
      "image": "itom-cdf-admin:1.6.0-0096"
    },
    {
      "image": "metrics-server:v0.3.1"
    }
  ]
}
